model,classic_acc,codemode_acc
qwen3-coder-30b-a3b-instruct,0.35,1.0
deepseek-chat-v3-0324,0.4833333333333333,0.9833333333333333
qwen3-235b-a22b-2507,0.7333333333333333,1.0
qwen3-14b,0.8333333333333334,1.0
qwen3-30b-a3b,0.9666666666666667,0.95
qwen3-8b,0.65,
